{"version": "1", "message": "ERROR: Hidden Testcases server unreachable.", "problem_id": "m20_a1", "user_id": "pvsteja", "score": {"sample": {"0": {"execution_time": 0.17755579948425293, "passed": false}, "1": {"execution_time": 0.1697230339050293, "passed": false}, "2": {"execution_time": 0.16655421257019043, "passed": false}, "3": {"execution_time": 0.186021089553833, "passed": false}, "4": {"execution_time": 0.15358805656433105, "passed": false}, "5": {"execution_time": 0.15714502334594727, "passed": true}, "6": {"execution_time": 0.16855144500732422, "passed": true}, "7": {"execution_time": 0.19248580932617188, "passed": false}, "8": {"execution_time": 0.1926274299621582, "passed": false}, "9": {"execution_time": 0.15860700607299805, "passed": false}, "10": {"execution_time": 0.19199633598327637, "passed": true}, "11": {"execution_time": 0.1825563907623291, "passed": true}, "12": {"execution_time": 0.17761945724487305, "passed": true}}}, "check_style_score": "0/1"}