{"version": "1", "message": "ERROR: Hidden Testcases server unreachable.", "problem_id": "m20_a1", "user_id": "pvsteja", "score": {"sample": {"0": {"execution_time": 0.28024935722351074, "passed": false}, "1": {"execution_time": 0.1655573844909668, "passed": false}, "2": {"execution_time": 0.1665806770324707, "passed": false}, "3": {"execution_time": 0.1925342082977295, "passed": false}, "4": {"execution_time": 0.1636061668395996, "passed": false}, "5": {"execution_time": 0.16060471534729004, "passed": true}, "6": {"execution_time": 0.16057372093200684, "passed": false}, "7": {"execution_time": 0.21487903594970703, "passed": false}, "8": {"execution_time": 0.1874847412109375, "passed": false}, "9": {"execution_time": 0.1545858383178711, "passed": false}, "10": {"execution_time": 0.1583113670349121, "passed": false}, "11": {"execution_time": 0.16755390167236328, "passed": false}, "12": {"execution_time": 0.17656660079956055, "passed": false}}}, "check_style_score": "0/1"}