{"version": "1", "message": "ERROR: Hidden Testcases server unreachable.", "problem_id": "m20_a1", "user_id": "pvsteja", "score": {"sample": {"0": {"execution_time": 0.1807234287261963, "passed": false}, "1": {"execution_time": 0.17553043365478516, "passed": false}, "2": {"execution_time": 0.16954588890075684, "passed": false}, "3": {"execution_time": 0.19448137283325195, "passed": false}, "4": {"execution_time": 0.1735682487487793, "passed": false}, "5": {"execution_time": 0.17552828788757324, "passed": true}, "6": {"execution_time": 0.18055963516235352, "passed": true}, "7": {"execution_time": 0.1715378761291504, "passed": false}, "8": {"execution_time": 0.1825096607208252, "passed": false}, "9": {"execution_time": 0.17855215072631836, "passed": false}, "10": {"execution_time": 0.16755151748657227, "passed": false}, "11": {"execution_time": 0.16959238052368164, "passed": false}, "12": {"execution_time": 0.17759919166564941, "passed": true}}}, "check_style_score": "0/1"}