{"version": "1", "message": "ERROR: Hidden Testcases server unreachable.", "problem_id": "m20_a1", "user_id": "pvsteja", "score": {"sample": {"0": {"execution_time": 0.16955018043518066, "passed": false}, "1": {"execution_time": 0.16552472114562988, "passed": false}, "2": {"execution_time": 0.16060090065002441, "passed": false}, "3": {"execution_time": 0.21497464179992676, "passed": false}, "4": {"execution_time": 0.16361546516418457, "passed": false}, "5": {"execution_time": 0.16953325271606445, "passed": true}, "6": {"execution_time": 0.16559267044067383, "passed": true}, "7": {"execution_time": 0.16632699966430664, "passed": false}, "8": {"execution_time": 0.18454861640930176, "passed": false}, "9": {"execution_time": 0.17253828048706055, "passed": false}, "10": {"execution_time": 0.18749761581420898, "passed": false}, "11": {"execution_time": 0.17755961418151855, "passed": false}, "12": {"execution_time": 0.16455841064453125, "passed": true}}}, "check_style_score": "0/1"}